Danh mục,Danh mục con
Kim loại quý và tài sản an toàn,Vàng
Kim loại quý và tài sản an toàn,Đầu tư vàng
Kim loại quý và tài sản an toàn,Gửi ngân hàng
Kim loại quý và tài sản an toàn,Chứng chỉ tiền gửi (cds)
Bất động sản,Đầu tư bất động sản nghỉ dưỡng
Bất động sản,Đầu tư bất động sản công nghiệp
Bất động sản,Đầu tư bất động sản thương mại
Bất động sản,Đầu tư bất động sản nhà ở
Bất động sản,Đầu tư đất nông nghiệp
Bất động sản,Đầu tư nhà phố
Bất động sản,Đầu tư biệt thự
Bất động sản,Đầu tư căn hộ cao cấp
Bất động sản,Đầu tư căn hộ cho thuê
Bất động sản,Đầu tư nhà xưởng
Bất động sản,Quỹ đầu tư bất động sản (reits)
Bất động sản,Tài chính bất động sản
Cổ phiếu,Cổ phiếu Top thị trường
Cổ phiếu,Cổ phiếu không thuộc top
Cổ phiếu,Cổ phiếu tăng trưởng
Cổ phiếu,Cổ phiếu giá trị
Cổ phiếu,Cổ phiếu cổ tức cao
Cổ phiếu,Cổ phiếu penny stock
Cổ phiếu,Cổ phiếu blue-chip
Cổ phiếu,Cổ phiếu ngành tài chính
Cổ phiếu,Cổ phiếu ngành năng lượng
Cổ phiếu,Cổ phiếu ngành bất động sản
Cổ phiếu,Cổ phiếu ngành công nghệ
Cổ phiếu,Cổ phiếu ngành tiêu dùng
Trái phiếu,Trái phiếu doanh nghiệp
Trái phiếu,Trái phiếu chính phủ
Trái phiếu,Trái phiếu đô thị
Trái phiếu,Trái phiếu quốc tế
Quỹ đầu tư,Quỹ hỗn hợp cân bằng
Quỹ đầu tư,Quỹ cổ phiếu
Quỹ đầu tư,Quỹ trái phiếu
Quỹ đầu tư,Quỹ đầu tư bất động sản (reits)
Quỹ đầu tư,Quỹ tài sản thay thế
Quỹ đầu tư,Quỹ hàng hóa
Quỹ đầu tư,Quỹ tư nhân
Quỹ đầu tư,Quỹ thị trường mới nổi
Quỹ đầu tư,Quỹ thị trường phát triển
Quỹ đầu tư,Quỹ môi trường
Quỹ đầu tư,Quỹ esg
Quỹ đầu tư,Quỹ etf sinh thái
Quỹ đầu tư,Quỹ etf tài chính xanh
Crypto và công nghệ blockchain,"Crypto (btc / eth)"
Crypto và công nghệ blockchain,Alt coin
Crypto và công nghệ blockchain,Meme coin
Crypto và công nghệ blockchain,Shit coin
Crypto và công nghệ blockchain,Etf crypto
Hợp đồng phái sinh,Hợp đồng tương lai
Hợp đồng phái sinh,Hợp đồng quyền chọn
Đầu tư mạo hiểm,Vốn đầu tư mạo hiểm
Đầu tư mạo hiểm,Đầu tư công nghệ tài chính (fintech)
Đầu tư mạo hiểm,Đầu tư startup
Đầu tư mạo hiểm,Đầu tư vào startup công nghệ
Đầu tư mạo hiểm,Đầu tư vào startup dịch vụ
Đầu tư mạo hiểm,Đầu tư vào startup giáo dục
Đầu tư mạo hiểm,Đầu tư vào startup y tế
Đầu tư mạo hiểm,Đầu tư vào startup tài chính
Hàng hóa,Đầu tư kim cương
Hàng hóa,Đầu tư bạc
Hàng hóa,Đầu tư bạch kim
Hàng hóa,Đầu tư đồng
Hàng hóa,Đầu tư dầu mỏ
Hàng hóa,Đầu tư cà phê
Hàng hóa,Đầu tư lúa mì
Hàng hóa,Đầu tư cao su
Năng lượng tái tạo,Đầu tư năng lượng tái tạo
Năng lượng tái tạo,Đầu tư điện mặt trời
Năng lượng tái tạo,Đầu tư điện gió
Năng lượng tái tạo,Đầu tư điện hạt nhân
Công nghệ,Đầu tư công nghệ ai
Công nghệ,Đầu tư công nghệ blockchain
Công nghệ,Đầu tư công nghệ sinh học
Công nghệ,Đầu tư công nghệ thông tin
Công nghệ,Đầu tư vào dược lý học
Công nghệ,Đầu tư vào thực tế ảo
Ngành nghề và sản xuất,Đầu tư ngành logistics
Ngành nghề và sản xuất,Đầu tư ngành hàng không
Ngành nghề và sản xuất,Đầu tư ngành ô tô
Ngành nghề và sản xuất,Đầu tư ngành dịch vụ du lịch
Ngành nghề và sản xuất,Đầu tư ngành sản xuất thực phẩm
Ngành nghề và sản xuất,Đầu tư ngành dược phẩm
Ngành nghề và sản xuất,Đầu tư ngành công nghiệp nặng
Nông nghiệp và thủy sản,Đầu tư nông nghiệp
Nông nghiệp và thủy sản,Đầu tư lâm nghiệp
Nông nghiệp và thủy sản,Đầu tư thủy sản
ETF (Quỹ hoán đổi danh mục),Etf ngành công nghệ
ETF (Quỹ hoán đổi danh mục),Etf ngành năng lượng
ETF (Quỹ hoán đổi danh mục),Etf ngành y tế
ETF (Quỹ hoán đổi danh mục),Etf ngành tài chính
ETF (Quỹ hoán đổi danh mục),Etf theo chỉ số s&p 500
ETF (Quỹ hoán đổi danh mục),Etf theo chỉ số VN30
ETF (Quỹ hoán đổi danh mục),Etf bất động sản toàn cầu
ETF (Quỹ hoán đổi danh mục),Etf trái phiếu toàn cầu
ETF (Quỹ hoán đổi danh mục),"Etf hàng hóa (vàng, dầu)"
