Danh mục,Các mục thay thế
Alt coin,"Meme coin, Crypto (btc / eth), Etf crypto, Shit coin"
Meme coin,"Alt coin, Crypto (btc / eth), Etf crypto, Shit coin"
"Crypto (btc, eth)","Alt coin, Meme coin, Etf crypto, Quỹ đầu tư mạo hiểm, Shit coin"
Shit coin,"Alt coin, Meme coin, Etf crypto, Quỹ đầu tư mạo hiểm, Crypto (btc / eth)"
Cổ phiếu top thị trường,"Cổ phiếu không thuộc top, Quỹ cổ phiếu, Cổ phiếu tăng trưởng, Cổ phiếu blue-chip"
Cổ phiếu không thuộc top,"Cổ phiếu top thị trường, Cổ phiếu giá trị, Cổ phiếu cổ tức cao, Trái phiếu doanh nghiệp"
Quỹ hỗn hợp cân bằng,"Quỹ cổ phiếu, Quỹ trái phiếu, Tài chính bất động sản, Quỹ tài sản thay thế"
Quỹ cổ phiếu,"Cổ phiếu top thị trường, Quỹ hỗn hợp cân bằng, Cổ phiếu tăng trưởng, Quỹ etf sinh thái"
Quỹ trái phiếu,"Quỹ hỗn hợp cân bằng, Trái phiếu doanh nghiệp, Trái phiếu quốc tế"
Tài chính bất động sản,"Quỹ đầu tư bất động sản (reits), Đầu tư bất động sản nhà ở, Quỹ hỗn hợp cân bằng"
Vàng,"Gửi ngân hàng, Chứng chỉ tiền gửi (cds), Etf hàng hóa"
Tiền gửi,"Vàng, Trái phiếu chính phủ, Quỹ trái phiếu"
Trái phiếu doanh nghiệp,"Trái phiếu chính phủ, Quỹ trái phiếu, Trái phiếu quốc tế"
Trái phiếu chính phủ,"Trái phiếu doanh nghiệp, Etf trái phiếu toàn cầu, Gửi ngân hàng"
Hợp đồng tương lai,"Hợp đồng quyền chọn, Đầu tư công nghệ tài chính (fintech), Vốn đầu tư mạo hiểm"
Hợp đồng quyền chọn,"Hợp đồng tương lai, Etf crypto, Crypto (btc / eth)"
Đầu tư mạo hiểm,"Vốn đầu tư mạo hiểm, Đầu tư startup, Đầu tư vào startup công nghệ"
Vốn đầu tư mạo hiểm,"Đầu tư mạo hiểm, Crypto (btc / eth), Đầu tư startup y tế"
Etf ngành công nghệ,"Etf ngành năng lượng, Etf ngành tài chính, Etf theo chỉ số s&p 500"
Etf ngành năng lượng,"Etf ngành công nghệ, Etf ngành y tế, Etf theo chỉ số vn30"
Etf ngành y tế,"Etf ngành năng lượng, Etf ngành tài chính, Etf bất động sản toàn cầu"
Etf ngành tài chính,"Etf ngành công nghệ, Etf theo chỉ số vn30, Etf hàng hóa (vàng, dầu)"
Etf theo chỉ số s&p 500,"Etf ngành công nghệ, Etf ngành năng lượng, Etf ngành tài chính"
Etf theo chỉ số vn30,"Etf ngành năng lượng, Etf ngành tài chính, Etf theo chỉ số S&P 500"
Quỹ tài sản thay thế,"Quỹ hàng hóa, Quỹ môi trường, Quỹ etf sinh thái"
Quỹ hàng hóa,"Quỹ tài sản thay thế, Quỹ môi trường, Quỹ etf sinh thái"
Quỹ đầu tư bất động sản (reits),"Tài chính bất động sản, Quỹ hỗn hợp cân bằng, Etf bất động sản toàn cầu"
